Workbook

Sheet Master Karyawan
A1: MASTER DATA KARYAWAN & GAJI POKOK
A2: Kolom kuning wajib diisi/di-update oleh HRD. Sheet lain akan menarik data gaji dari sini.
A4: ID Karyawan | B4: Nama Karyawan | C4: Jabatan | D4: Proyek | E4: Gaji Pokok / Bulan (Rp)
A5: EMP-001 | B5: Ndaru Hutomo Putro | C5: Staff TKDN | D5: TKDN | E5: 6500000
A6: EMP-002 | B6: Nabil Mufarrihah Octaviyani | C6: Staff TKDN | D6: TKDN | E6: 6200000
A7: EMP-003 | B7: Candra Adelia Mawarni | C7: Staff TKDN | D7: TKDN | E7: 5800000
A8: EMP-004 | B8: Budi Santoso | C8: Staff IT | D8: HRIS Migration | E8: 7200000
A9: EMP-005 | B9: Siti Rahma | C9: Staff IT | D9: HRIS Migration | E9: 6900000

Sheet Kalender Libur
A1: KALENDER HARI LIBUR (Libur Nasional & Cuti Bersama)
A2: Tambahkan tanggal libur nasional/cuti bersama tiap tahun. Dipakai otomatis oleh sheet Data Lembur untuk menentukan Normal/Libur. Sabtu-Minggu terhitung otomatis (tidak perlu diinput).
A4: Tanggal | B4: Keterangan
A5: 46023 | B5: Tahun Baru Masehi
A6: 46102 | B6: Hari Raya Nyepi
A7: 46132 | B7: Wafat Isa Almasih
A8: 46143 | B8: Hari Buruh

Sheet Data Lembur (Detail)
A1: REKAPITULASI LEMBUR & PERHITUNGAN UPAH LEMBUR - DETAIL
A2: Kolom A-K = format asli HRD (Data Karyawan Lembur). Kolom L-R = tambahan otomatis untuk konversi ke Rupiah, dapat di-cross check per baris.
A4: No | B4: Nama Karyawan | C4: ID Karyawan | D4: Proyek | E4: Kegiatan | F4: Tanggal Kegiatan | G4: Hari | H4: Jam Mulai | I4: Jam Berakhir | J4: Total Jam Lembur | K4: No. SPKL | L4: Status Approval | M4: Jenis Hari (Auto) | N4: Gaji Pokok/Bulan (Rp) | O4: % Lembur | P4: Upah Lembur (Rp) | Q4: Rincian Perhitungan (Cross Check)
A5: 1 | B5: Ndaru Hutomo Putro | C5: EMP-001 | D5: TKDN | E5: Vertek Putera | F5: 46140 | G5: =CHOOSE(WEEKDAY(F5,2),"Senin","Selasa","Rabu","Kamis","Jumat","Sabtu","Minggu") -> Selasa | H5: 0.75 | I5: 0.875 | J5: =IF(I5<H5,(I5-H5+1)*24,(I5-H5)*24) -> 3 | K5: 0373/SBA/16/TKDN/IV/26 | L5: Sudah Di-review | M5: =IF(OR(WEEKDAY(F5,2)>5,COUNTIF('Kalender Libur'!$A:$A,F5)>0),"Libur","Normal") -> Normal | N5: =INDEX('Master Karyawan'!$E:$E,MATCH(C5,'Master Karyawan'!$A:$A,0)) -> 6500000 | O5: =IF(M5="Libur",2%,1.5%) -> 0.015 | P5: =IF(L5="Sudah Di-review",N5*O5*J5,0) -> 292500 | Q5: ="Rp"&TEXT(N5,"#,##0")&" x "&TEXT(O5,"0.0%")&" x "&TEXT(J5,"0.0")&" jam = Rp"&TEXT(P5,"#,##0") -> Rp6,500,000 x 1.5% x 3.0 jam = Rp292,500
A6: 2 | B6: Nabil Mufarrihah Octaviyani | C6: EMP-002 | D6: TKDN | E6: Vertek Putera | F6: 46140 | G6: =CHOOSE(WEEKDAY(F6,2),"Senin","Selasa","Rabu","Kamis","Jumat","Sabtu","Minggu") -> Selasa | H6: 0.75 | I6: 0.875 | J6: =IF(I6<H6,(I6-H6+1)*24,(I6-H6)*24) -> 3 | K6: 0374/SBA/16/TKDN/IV/26 | L6: Sudah Di-review | M6: =IF(OR(WEEKDAY(F6,2)>5,COUNTIF('Kalender Libur'!$A:$A,F6)>0),"Libur","Normal") -> Normal | N6: =INDEX('Master Karyawan'!$E:$E,MATCH(C6,'Master Karyawan'!$A:$A,0)) -> 6200000 | O6: =IF(M6="Libur",2%,1.5%) -> 0.015 | P6: =IF(L6="Sudah Di-review",N6*O6*J6,0) -> 279000 | Q6: ="Rp"&TEXT(N6,"#,##0")&" x "&TEXT(O6,"0.0%")&" x "&TEXT(J6,"0.0")&" jam = Rp"&TEXT(P6,"#,##0") -> Rp6,200,000 x 1.5% x 3.0 jam = Rp279,000
A7: 3 | B7: Candra Adelia Mawarni | C7: EMP-003 | D7: TKDN | E7: Meeting Project | F7: 46145 | G7: =CHOOSE(WEEKDAY(F7,2),"Senin","Selasa","Rabu","Kamis","Jumat","Sabtu","Minggu") -> Minggu | H7: 0.375 | I7: 0.54166667 | J7: =IF(I7<H7,(I7-H7+1)*24,(I7-H7)*24) -> 4 | K7: 0390/SBA/16/TKDN/V/26 | L7: Sudah Di-review | M7: =IF(OR(WEEKDAY(F7,2)>5,COUNTIF('Kalender Libur'!$A:$A,F7)>0),"Libur","Normal") -> Libur | N7: =INDEX('Master Karyawan'!$E:$E,MATCH(C7,'Master Karyawan'!$A:$A,0)) -> 5800000 | O7: =IF(M7="Libur",2%,1.5%) -> 0.02 | P7: =IF(L7="Sudah Di-review",N7*O7*J7,0) -> 464000 | Q7: ="Rp"&TEXT(N7,"#,##0")&" x "&TEXT(O7,"0.0%")&" x "&TEXT(J7,"0.0")&" jam = Rp"&TEXT(P7,"#,##0") -> Rp5,800,000 x 2.0% x 4.0 jam = Rp464,000
A8: 4 | B8: Budi Santoso | C8: EMP-004 | D8: HRIS Migration | E8: Frontend deployment prep | F8: 46319 | G8: =CHOOSE(WEEKDAY(F8,2),"Senin","Selasa","Rabu","Kamis","Jumat","Sabtu","Minggu") -> Sabtu | H8: 0.70833333 | I8: 0.89583333 | J8: =IF(I8<H8,(I8-H8+1)*24,(I8-H8)*24) -> 4.5 | K8: 0410/SBA/16/HRIS/X/26 | L8: Belum Di-review | M8: =IF(OR(WEEKDAY(F8,2)>5,COUNTIF('Kalender Libur'!$A:$A,F8)>0),"Libur","Normal") -> Libur | N8: =INDEX('Master Karyawan'!$E:$E,MATCH(C8,'Master Karyawan'!$A:$A,0)) -> 7200000 | O8: =IF(M8="Libur",2%,1.5%) -> 0.02 | P8: =IF(L8="Sudah Di-review",N8*O8*J8,0) -> 0 | Q8: ="Rp"&TEXT(N8,"#,##0")&" x "&TEXT(O8,"0.0%")&" x "&TEXT(J8,"0.0")&" jam = Rp"&TEXT(P8,"#,##0") -> Rp7,200,000 x 2.0% x 4.5 jam = Rp0
A9: 5 | B9: Siti Rahma | C9: EMP-005 | D9: HRIS Migration | E9: Emergency server maintenance | F9: 46143 | G9: =CHOOSE(WEEKDAY(F9,2),"Senin","Selasa","Rabu","Kamis","Jumat","Sabtu","Minggu") -> Jumat | H9: 0.41666667 | I9: 0.63541667 | J9: =IF(I9<H9,(I9-H9+1)*24,(I9-H9)*24) -> 5.25 | K9: 0411/SBA/16/HRIS/V/26 | L9: Sudah Di-review | M9: =IF(OR(WEEKDAY(F9,2)>5,COUNTIF('Kalender Libur'!$A:$A,F9)>0),"Libur","Normal") -> Libur | N9: =INDEX('Master Karyawan'!$E:$E,MATCH(C9,'Master Karyawan'!$A:$A,0)) -> 6900000 | O9: =IF(M9="Libur",2%,1.5%) -> 0.02 | P9: =IF(L9="Sudah Di-review",N9*O9*J9,0) -> 724500 | Q9: ="Rp"&TEXT(N9,"#,##0")&" x "&TEXT(O9,"0.0%")&" x "&TEXT(J9,"0.0")&" jam = Rp"&TEXT(P9,"#,##0") -> Rp6,900,000 x 2.0% x 5.3 jam = Rp724,500
A10: 6 | B10: Ndaru Hutomo Putro | C10: EMP-001 | D10: TKDN | E10: Vertek Subeen | F10: 46148 | G10: =CHOOSE(WEEKDAY(F10,2),"Senin","Selasa","Rabu","Kamis","Jumat","Sabtu","Minggu") -> Rabu | H10: 0.75 | I10: 0.875 | J10: =IF(I10<H10,(I10-H10+1)*24,(I10-H10)*24) -> 3 | K10: 0380/SBA/16/TKDN/IV/26 | L10: Canceled | M10: =IF(OR(WEEKDAY(F10,2)>5,COUNTIF('Kalender Libur'!$A:$A,F10)>0),"Libur","Normal") -> Normal | N10: =INDEX('Master Karyawan'!$E:$E,MATCH(C10,'Master Karyawan'!$A:$A,0)) -> 6500000 | O10: =IF(M10="Libur",2%,1.5%) -> 0.015 | P10: =IF(L10="Sudah Di-review",N10*O10*J10,0) -> 0 | Q10: ="Rp"&TEXT(N10,"#,##0")&" x "&TEXT(O10,"0.0%")&" x "&TEXT(J10,"0.0")&" jam = Rp"&TEXT(P10,"#,##0") -> Rp6,500,000 x 1.5% x 3.0 jam = Rp0
A12: TOTAL UPAH LEMBUR (Status Sudah Di-review): | P12: =SUMIF(L5:L10,"Sudah Di-review",P5:P10) -> 1760000

Sheet Rekap Pendanaan
A1: REKAP TOTAL PENDANAAN LEMBUR (Output untuk HRD)
A2: Hanya menghitung data dengan Status = 'Sudah Di-review'. Sumber: sheet 'Data Lembur (Detail)'.
A4: No | B4: ID Karyawan | C4: Nama Karyawan | D4: Total Jam - Hari Normal | E4: Total Jam - Hari Libur | F4: Upah Lembur - Hari Normal (Rp) | G4: Upah Lembur - Hari Libur (Rp) | H4: TOTAL UPAH LEMBUR (Rp)
A5: 1 | B5: EMP-001 | C5: =INDEX('Master Karyawan'!$B:$B,MATCH(B5,'Master Karyawan'!$A:$A,0)) -> Ndaru Hutomo Putro | D5: =SUMIFS('Data Lembur (Detail)'!$J$5:$J$10,'Data Lembur (Detail)'!$C$5:$C$10,B5,'Data Lembur (Detail)'!$L$5:$L$10,"Sudah Di-review",'Data Lembur (Detail)'!$M$5:$M$10,"Normal") -> 3 | E5: =SUMIFS('Data Lembur (Detail)'!$J$5:$J$10,'Data Lembur (Detail)'!$C$5:$C$10,B5,'Data Lembur (Detail)'!$L$5:$L$10,"Sudah Di-review",'Data Lembur (Detail)'!$M$5:$M$10,"Libur") -> 0 | F5: =SUMIFS('Data Lembur (Detail)'!$P$5:$P$10,'Data Lembur (Detail)'!$C$5:$C$10,B5,'Data Lembur (Detail)'!$L$5:$L$10,"Sudah Di-review",'Data Lembur (Detail)'!$M$5:$M$10,"Normal") -> 292500 | G5: =SUMIFS('Data Lembur (Detail)'!$P$5:$P$10,'Data Lembur (Detail)'!$C$5:$C$10,B5,'Data Lembur (Detail)'!$L$5:$L$10,"Sudah Di-review",'Data Lembur (Detail)'!$M$5:$M$10,"Libur") -> 0 | H5: =F5+G5 -> 292500
A6: 2 | B6: EMP-002 | C6: =INDEX('Master Karyawan'!$B:$B,MATCH(B6,'Master Karyawan'!$A:$A,0)) -> Nabil Mufarrihah Octaviyani | D6: =SUMIFS('Data Lembur (Detail)'!$J$5:$J$10,'Data Lembur (Detail)'!$C$5:$C$10,B6,'Data Lembur (Detail)'!$L$5:$L$10,"Sudah Di-review",'Data Lembur (Detail)'!$M$5:$M$10,"Normal") -> 3 | E6: =SUMIFS('Data Lembur (Detail)'!$J$5:$J$10,'Data Lembur (Detail)'!$C$5:$C$10,B6,'Data Lembur (Detail)'!$L$5:$L$10,"Sudah Di-review",'Data Lembur (Detail)'!$M$5:$M$10,"Libur") -> 0 | F6: =SUMIFS('Data Lembur (Detail)'!$P$5:$P$10,'Data Lembur (Detail)'!$C$5:$C$10,B6,'Data Lembur (Detail)'!$L$5:$L$10,"Sudah Di-review",'Data Lembur (Detail)'!$M$5:$M$10,"Normal") -> 279000 | G6: =SUMIFS('Data Lembur (Detail)'!$P$5:$P$10,'Data Lembur (Detail)'!$C$5:$C$10,B6,'Data Lembur (Detail)'!$L$5:$L$10,"Sudah Di-review",'Data Lembur (Detail)'!$M$5:$M$10,"Libur") -> 0 | H6: =F6+G6 -> 279000
A7: 3 | B7: EMP-003 | C7: =INDEX('Master Karyawan'!$B:$B,MATCH(B7,'Master Karyawan'!$A:$A,0)) -> Candra Adelia Mawarni | D7: =SUMIFS('Data Lembur (Detail)'!$J$5:$J$10,'Data Lembur (Detail)'!$C$5:$C$10,B7,'Data Lembur (Detail)'!$L$5:$L$10,"Sudah Di-review",'Data Lembur (Detail)'!$M$5:$M$10,"Normal") -> 0 | E7: =SUMIFS('Data Lembur (Detail)'!$J$5:$J$10,'Data Lembur (Detail)'!$C$5:$C$10,B7,'Data Lembur (Detail)'!$L$5:$L$10,"Sudah Di-review",'Data Lembur (Detail)'!$M$5:$M$10,"Libur") -> 4 | F7: =SUMIFS('Data Lembur (Detail)'!$P$5:$P$10,'Data Lembur (Detail)'!$C$5:$C$10,B7,'Data Lembur (Detail)'!$L$5:$L$10,"Sudah Di-review",'Data Lembur (Detail)'!$M$5:$M$10,"Normal") -> 0 | G7: =SUMIFS('Data Lembur (Detail)'!$P$5:$P$10,'Data Lembur (Detail)'!$C$5:$C$10,B7,'Data Lembur (Detail)'!$L$5:$L$10,"Sudah Di-review",'Data Lembur (Detail)'!$M$5:$M$10,"Libur") -> 464000 | H7: =F7+G7 -> 464000
A8: 4 | B8: EMP-004 | C8: =INDEX('Master Karyawan'!$B:$B,MATCH(B8,'Master Karyawan'!$A:$A,0)) -> Budi Santoso | D8: =SUMIFS('Data Lembur (Detail)'!$J$5:$J$10,'Data Lembur (Detail)'!$C$5:$C$10,B8,'Data Lembur (Detail)'!$L$5:$L$10,"Sudah Di-review",'Data Lembur (Detail)'!$M$5:$M$10,"Normal") -> 0 | E8: =SUMIFS('Data Lembur (Detail)'!$J$5:$J$10,'Data Lembur (Detail)'!$C$5:$C$10,B8,'Data Lembur (Detail)'!$L$5:$L$10,"Sudah Di-review",'Data Lembur (Detail)'!$M$5:$M$10,"Libur") -> 0 | F8: =SUMIFS('Data Lembur (Detail)'!$P$5:$P$10,'Data Lembur (Detail)'!$C$5:$C$10,B8,'Data Lembur (Detail)'!$L$5:$L$10,"Sudah Di-review",'Data Lembur (Detail)'!$M$5:$M$10,"Normal") -> 0 | G8: =SUMIFS('Data Lembur (Detail)'!$P$5:$P$10,'Data Lembur (Detail)'!$C$5:$C$10,B8,'Data Lembur (Detail)'!$L$5:$L$10,"Sudah Di-review",'Data Lembur (Detail)'!$M$5:$M$10,"Libur") -> 0 | H8: =F8+G8 -> 0
A9: 5 | B9: EMP-005 | C9: =INDEX('Master Karyawan'!$B:$B,MATCH(B9,'Master Karyawan'!$A:$A,0)) -> Siti Rahma | D9: =SUMIFS('Data Lembur (Detail)'!$J$5:$J$10,'Data Lembur (Detail)'!$C$5:$C$10,B9,'Data Lembur (Detail)'!$L$5:$L$10,"Sudah Di-review",'Data Lembur (Detail)'!$M$5:$M$10,"Normal") -> 0 | E9: =SUMIFS('Data Lembur (Detail)'!$J$5:$J$10,'Data Lembur (Detail)'!$C$5:$C$10,B9,'Data Lembur (Detail)'!$L$5:$L$10,"Sudah Di-review",'Data Lembur (Detail)'!$M$5:$M$10,"Libur") -> 5.25 | F9: =SUMIFS('Data Lembur (Detail)'!$P$5:$P$10,'Data Lembur (Detail)'!$C$5:$C$10,B9,'Data Lembur (Detail)'!$L$5:$L$10,"Sudah Di-review",'Data Lembur (Detail)'!$M$5:$M$10,"Normal") -> 0 | G9: =SUMIFS('Data Lembur (Detail)'!$P$5:$P$10,'Data Lembur (Detail)'!$C$5:$C$10,B9,'Data Lembur (Detail)'!$L$5:$L$10,"Sudah Di-review",'Data Lembur (Detail)'!$M$5:$M$10,"Libur") -> 724500 | H9: =F9+G9 -> 724500
C11: GRAND TOTAL PENDANAAN LEMBUR | D11: =SUM(D5:D9) -> 6 | E11: =SUM(E5:E9) -> 9.25 | F11: =SUM(F5:F9) -> 571500 | G11: =SUM(G5:G9) -> 1188500 | H11: =SUM(H5:H9) -> 1760000
